Title,URL,Reviewer1,Decision1,Comments1,Reviewer2,Decision2,Comments2
robust radiotherapy planning,https://pubmed.ncbi.nlm.nih.gov/30418942/,Aysenur,,,Cem,,
a new genetic algorithm technique in optimization of permanent 125i prostate implants,https://pubmed.ncbi.nlm.nih.gov/9874822/,Aysenur,,,Cem,,
evaluation of a machine-learning algorithm for treatment planning in prostate low-dose-rate brachytherapy,https://pubmed.ncbi.nlm.nih.gov/28244419/,Aysenur,,,Cem,,
monaco treatment planning system tools and optimization processes,https://pubmed.ncbi.nlm.nih.gov/29573922/,Aysenur,,,Lucas,,
a markov decision process approach to optimizing cancer therapy using multiple modalities,https://pubmed.ncbi.nlm.nih.gov/30863847/,Aysenur,,,Lucas,,
towards optimal stopping in radiation therapy,https://pubmed.ncbi.nlm.nih.gov/31005230/,Aysenur,,,Cem,,
a markov decision process approach to temporal modulation of dose fractions in radiation therapy planning,https://pubmed.ncbi.nlm.nih.gov/19556687/,Aysenur,,,Cem,,
lifetime radiation risk of stochastic effects - prospective evaluation for space flight or medicine,https://pubmed.ncbi.nlm.nih.gov/33054322/,Aysenur,,,Lucas,,
ranking radiotherapy treatment plans using decision-analytic and heuristic techniques,https://pubmed.ncbi.nlm.nih.gov/1511598/,Aysenur,,,Lucas,,
proton or photon radiosurgery for cardiac ablation of ventricular tachycardia? breath and ecg gated robust optimization,https://pubmed.ncbi.nlm.nih.gov/32911373/,Aysenur,,,Cem,,
impact of errors in spot size and spot position in robustly optimized pencil beam scanning proton-based stereotactic body radiation therapy (sbrt) lung plans,https://pubmed.ncbi.nlm.nih.gov/34101334/,Aysenur,,,Cem,,
operational research in anticancer chemotherapy. chemotherapy and strategy of treatment of cancer,https://pubmed.ncbi.nlm.nih.gov/5670363/,Aysenur,,,Lucas,,
efficient schemes for robust imrt treatment planning,https://pubmed.ncbi.nlm.nih.gov/17047274/,Aysenur,,,Lucas,,
treatment planning for prostate implants using magnetic-resonance spectroscopy imaging,https://pubmed.ncbi.nlm.nih.gov/10863082/,Aysenur,,,Lucas,,
heuristic optimization of the scanning path of particle therapy beams,https://pubmed.ncbi.nlm.nih.gov/19610293/,Aysenur,,,Cem,,
incorporating deliverable monitor unit constraints into spot intensity optimization in intensity-modulated proton therapy treatment planning,https://pubmed.ncbi.nlm.nih.gov/23835656/,Aysenur,,,Lucas,,
a framework for inverse planning of beam-on times for 3d small animal radiotherapy using interactive multi-objective optimisation,https://pubmed.ncbi.nlm.nih.gov/26147184/,Aysenur,,,Lucas,,
adaptive strategy for external beam radiation therapy in prostate cancer: management of the geometrical uncertainties with robust optimization,https://pubmed.ncbi.nlm.nih.gov/32464369/,Aysenur,,,Cem,,
mixed integer programming improves comprehensibility and plan quality in inverse optimization of prostate hdr brachytherapy,https://pubmed.ncbi.nlm.nih.gov/23363622/,Aysenur,,,Cem,,
towards fast and robust 4d optimization for moving tumors with scanned proton therapy,https://pubmed.ncbi.nlm.nih.gov/31595521/,Aysenur,,,Lucas,,
linear programming based on neural networks for radiotherapy treatment planning,https://pubmed.ncbi.nlm.nih.gov/10730966/,Aysenur,,,Lucas,,
optimizing multi-modal cancer treatment under 3d spatio-temporal tumor growth,https://pubmed.ncbi.nlm.nih.gov/30389401/,Aysenur,,,Cem,,
accounting for range uncertainties in the optimization of combined proton-photon treatments via stochastic optimization,https://pubmed.ncbi.nlm.nih.gov/32361008/,Aysenur,,,Cem,,
head and neck impt probabilistic dose accumulation: feasibility of a 2 mm setup uncertainty setting,https://pubmed.ncbi.nlm.nih.gov/32898561/,Aysenur,,,Lucas,,
treating glioblastoma multiforme (gbm) with super hyperfractionated radiation therapy: implication of temporal dose fractionation optimization including cancer stem cell dynamics,https://pubmed.ncbi.nlm.nih.gov/33524046/,Aysenur,,,Lucas,,
implementation and experimental validation of a robust hybrid direct aperture optimization approach for mixed-beam radiotherapy,https://pubmed.ncbi.nlm.nih.gov/34585756/,Aysenur,,,Cem,,
robust automated radiation therapy treatment planning using scenario-specific dose prediction and robust dose mimicking,https://pubmed.ncbi.nlm.nih.gov/35305023/,Aysenur,,,Cem,,
target miss using ptv-based imrt compared to robust optimization via coverage probability concept in prostate cancer,https://pubmed.ncbi.nlm.nih.gov/32436467/,Aysenur,,,Cem,,
using robust optimization for skin flashing in intensity modulated radiation therapy for breast cancer treatment: a feasibility study,https://pubmed.ncbi.nlm.nih.gov/31627030/,Aysenur,,,Lucas,,
repopulation of interacting tumor cells during fractionated radiotherapy: stochastic modeling of the tumor control probability,https://pubmed.ncbi.nlm.nih.gov/24320502/,Aysenur,,,Cem,,
simultaneous optimization of isocenter locations and sector duration in radiosurgery,https://pubmed.ncbi.nlm.nih.gov/30537699/,Aysenur,,,Cem,,
the use of mixed-integer programming for inverse treatment planning with pre-defined field segments,https://pubmed.ncbi.nlm.nih.gov/12164584/,Aysenur,,,Cem,,
technical note: first report on an in vivo range probing quality control procedure for scanned proton beam therapy in head and neck cancer patients,https://pubmed.ncbi.nlm.nih.gov/33428795/,Aysenur,,,Lucas,,
knowledge-based planning for robustly optimized intensity-modulated proton therapy of head and neck cancer patients,https://pubmed.ncbi.nlm.nih.gov/34737954/,Aysenur,,,Lucas,,
determining clinical patient selection guidelines for head and neck adaptive radiation therapy using random forest modelling and a novel simplification heuristic,https://pubmed.ncbi.nlm.nih.gov/34164338/,Aysenur,,,Cem,,
accurate assessment of a dutch practical robustness evaluation protocol in clinical pt with pencil beam scanning for neurological tumors,https://pubmed.ncbi.nlm.nih.gov/34352313/,Aysenur,,,Cem,,
modeling and comparison of alternative approaches for sector duration optimization in a dedicated radiosurgery system,https://pubmed.ncbi.nlm.nih.gov/29972141/,Aysenur,,,Lucas,,
optimal fractionation in radiotherapy with multiple normal tissues,https://pubmed.ncbi.nlm.nih.gov/25980967/,Aysenur,,,Lucas,,
adaptive fractionation therapy: i. basic concept and strategy,https://pubmed.ncbi.nlm.nih.gov/18780961/,Aysenur,,,Cem,,
"fast, accurate, and robust automatic marker detection for motion correction based on oblique kv or mv projection image pairs",https://pubmed.ncbi.nlm.nih.gov/20443476/,Aysenur,,,Cem,,
"proton therapy for early breast cancer patients in the dbcg proton trial: planning, adaptation, and clinical experience from the first 43 patients",https://pubmed.ncbi.nlm.nih.gov/34632922/,Aysenur,,,Lucas,,
is real-time inverse planning optimizing dose to the normal brain? a prospective comparative trial in a series of brain metastases treated by stereotactic radiosurgery,https://pubmed.ncbi.nlm.nih.gov/34818656/,Aysenur,,,Lucas,,
a robust approach to establish tolerance limits for the gamma passing rate-based patient-specific quality assurance using the heuristic control charts,https://pubmed.ncbi.nlm.nih.gov/34778963/,Aysenur,,,Cem,,
"initial clinical assessment of ""center-specific"" automated treatment plans for low-dose-rate prostate brachytherapy",https://pubmed.ncbi.nlm.nih.gov/29191492/,Aysenur,,,Cem,,
3d treatment planning system-varian eclipse for proton therapy planning,https://pubmed.ncbi.nlm.nih.gov/29753334/,Aysenur,,,Lucas,,
a column generation approach for  evaluating delivery efficiencies of  collimator technologies in imrt treatment  planning,https://pubmed.ncbi.nlm.nih.gov/25675154/,Aysenur,,,Lucas,,
a time and motion study of the delivery of radiation treatment,https://pubmed.ncbi.nlm.nih.gov/5017718/,Aysenur,,,Cem,,
validation of a robust strategy for proton spot scanning for oesophageal cancer in the presence of anatomical changes,https://pubmed.ncbi.nlm.nih.gov/30340776/,Aysenur,,,Cem,,
inter-tumor heterogeneity and radiation dose-control curves,https://pubmed.ncbi.nlm.nih.gov/3588999/,Aysenur,,,Lucas,,
optimal number and sizes of the doses in fractionated radiotherapy according to the lq model,https://pubmed.ncbi.nlm.nih.gov/29346681/,Aysenur,,,Lucas,,
comparison of beam angle selection strategies for intracranial imrt,https://pubmed.ncbi.nlm.nih.gov/23298086/,Aysenur,,,Cem,,
four-dimensional carbon-ion pencil beam treatment planning comparison between robust optimization and range-adapted internal target volume for respiratory-gated liver and lung treatment,https://pubmed.ncbi.nlm.nih.gov/33246187/,Aysenur,,,Cem,,
residual positioning errors and uncertainties for pediatric craniospinal irradiation and the impact of image guidance,https://pubmed.ncbi.nlm.nih.gov/32522233/,Aysenur,,,Lucas,,
optimizer convergence and local minima errors and their clinical importance,https://pubmed.ncbi.nlm.nih.gov/14516103/,Aysenur,,,Lucas,,
location of radiotherapy centers: an exploratory geographic analysis for belgium,https://pubmed.ncbi.nlm.nih.gov/23089067/,Aysenur,,,Cem,,
a comprehensive formulation for volumetric modulated arc therapy planning,https://pubmed.ncbi.nlm.nih.gov/27370141/,Aysenur,,,Cem,,
energy layer optimization strategies for intensity-modulated proton therapy of lung cancer patients,https://pubmed.ncbi.nlm.nih.gov/30129041/,Aysenur,,,Lucas,,
influence of robust optimization in intensity-modulated proton therapy with different dose delivery techniques,https://pubmed.ncbi.nlm.nih.gov/22755694/,Aysenur,,,Lucas,,
robust proton treatment planning: physical and biological optimization,https://pubmed.ncbi.nlm.nih.gov/29735195/,Aysenur,,,Lucas,,
controlling the dose distribution with geud-type constraints within the convex radiotherapy optimization framework,https://pubmed.ncbi.nlm.nih.gov/18506069/,Aysenur,,,Lucas,,
derivative-free generation and interpolation of convex pareto optimal imrt plans,https://pubmed.ncbi.nlm.nih.gov/17148822/,Aysenur,,,Lucas,,
simultaneous delivery time and aperture shape optimization for the volumetric-modulated arc therapy (vmat) treatment planning problem,https://pubmed.ncbi.nlm.nih.gov/28524822/,Aysenur,,,Cem,,
a new method to reconstruct intra-fractional prostate motion in volumetric modulated arc therapy,https://pubmed.ncbi.nlm.nih.gov/28609300/,Aysenur,,,Cem,,
statistical evaluation of worst-case robust optimization intensity-modulated proton therapy plans using an exhaustive sampling approach,https://pubmed.ncbi.nlm.nih.gov/31324257/,Aysenur,,,Lucas,,
robust optimization for intensity modulated radiation therapy treatment planning under uncertainty,https://pubmed.ncbi.nlm.nih.gov/16306645/,Aysenur,,,Cem,,
su-e-t-555: weighted four-dimensional imrt planning for dynamic mlc tracking using a practical and simple framework,https://pubmed.ncbi.nlm.nih.gov/28518530/,Aysenur,,,Cem,,
volumetric modulated arc therapy with robust optimization for larynx cancer,https://pubmed.ncbi.nlm.nih.gov/30824150/,Aysenur,,,Lucas,,
a risk-adjusted control chart to evaluate intensity modulated radiation therapy plan quality,https://pubmed.ncbi.nlm.nih.gov/33089020/,Aysenur,,,Lucas,,
optimized radiation therapy based on radiobiological objectives,https://pubmed.ncbi.nlm.nih.gov/10196397/,Aysenur,,,Cem,,
intensity modulated proton therapy (impt) - the future of imrt for head and neck cancer,https://pubmed.ncbi.nlm.nih.gov/30616799/,Aysenur,,,Cem,,
"an adaptive control algorithm for optimization of intensity modulated radiotherapy considering uncertainties in beam profiles, patient set-up and internal organ motion",https://pubmed.ncbi.nlm.nih.gov/9651029/,Aysenur,,,Lucas,,
stochastic optimization of intensity modulated radiotherapy to account for uncertainties in patient sensitivity,https://pubmed.ncbi.nlm.nih.gov/10616148/,Aysenur,,,Lucas,,
a linear programming approach to inverse planning in gamma knife radiosurgery,https://pubmed.ncbi.nlm.nih.gov/30746722/,Aysenur,,,Lucas,,
caring for patients with surgically resectable cancers: experience from a specialised centre in rural rwanda,https://pubmed.ncbi.nlm.nih.gov/26399213/,Aysenur,,,Cem,,
a mixed-integer linear programming optimization model framework for capturing expert planning style in low dose rate prostate brachytherapy,https://pubmed.ncbi.nlm.nih.gov/30769333/,Aysenur,,,Cem,,
a comparison of mixed integer programming and fast simulated annealing for optimizing beam weights in radiation therapy,https://pubmed.ncbi.nlm.nih.gov/8798166/,Aysenur,,,Lucas,,
fast mixed integer optimization (fmio) for high dose rate brachytherapy,https://pubmed.ncbi.nlm.nih.gov/33283763/,Aysenur,,,Lucas,,
strainet: spatially varying stochastic residual adversarial networks for mri pelvic organ segmentation,https://pubmed.ncbi.nlm.nih.gov/30307879/,Aysenur,,,Lucas,,
using total-variation regularization for intensity modulated radiation therapy inverse planning with field-specific numbers of segments,https://pubmed.ncbi.nlm.nih.gov/18997262/,Aysenur,,,Cem,,
characterization of brain cancer stem cells: a mathematical approach,https://pubmed.ncbi.nlm.nih.gov/19555427/,Aysenur,,,Cem,,
npip: a skew line needle configuration optimization system for hdr brachytherapy,https://pubmed.ncbi.nlm.nih.gov/22830767/,Aysenur,,,Cem,,
analysis of acute-phase toxicities of intensity-modulated proton therapy using a model-based approach in pharyngeal cancer patients,https://pubmed.ncbi.nlm.nih.gov/33372202/,Aysenur,,,Cem,,
assessment of a diaphragm override strategy for robustly optimized proton therapy planning for esophageal cancer patients,https://pubmed.ncbi.nlm.nih.gov/34289123/,Aysenur,,,Lucas,,
dosis: an integrated computational tool for patient-specific dosimetry in nuclear medicine by monte carlo and dose point kernel approaches,https://pubmed.ncbi.nlm.nih.gov/31146217/,Aysenur,,,Lucas,,
an efficient inverse radiotherapy planning method for vmat using quadratic programming optimization,https://pubmed.ncbi.nlm.nih.gov/22225315/,Cem,,,Soheil,,
clinical validation of a graphical method for radiation therapy plan quality assessment,https://pubmed.ncbi.nlm.nih.gov/32164752/,Cem,,,Aysenur,,
"evaluation of hybrid inverse planning and optimization (hipo) algorithm for optimization in real-time, high-dose-rate (hdr) brachytherapy for prostate",https://pubmed.ncbi.nlm.nih.gov/23835384/,Cem,,,Soheil,,
robust optimization of intensity modulated proton therapy,https://pubmed.ncbi.nlm.nih.gov/22320818/,Cem,,,Soheil,,
minimax optimization for handling range and setup uncertainties in proton therapy,https://pubmed.ncbi.nlm.nih.gov/21520880/,Cem,,,Mohammad,,
clinical necessity of multi-image based (4d<sub>mib</sub>) optimization for targets affected by respiratory motion and treated with scanned particle therapy - a comprehensive review,https://pubmed.ncbi.nlm.nih.gov/35189152/,Cem,,,Aysenur,,
investigate the dosimetric and potential clinical benefits utilizing stereotactic body radiation therapy with simultaneous integrated boost technique for locally advanced pancreatic cancer: a comparison between photon and proton beam therapy,https://pubmed.ncbi.nlm.nih.gov/34631584/,Cem,,,Mohammad,,
shortening delivery times of intensity modulated proton therapy by reducing proton energy layers during treatment plan optimization,https://pubmed.ncbi.nlm.nih.gov/25823447/,Cem,,,Mohammad,,
characterization of robust optimization for vmat plan for liver cancer,https://pubmed.ncbi.nlm.nih.gov/32322176/,Cem,,,Soheil,,
considerations for the implementation of target volume protocols in radiation therapy,https://pubmed.ncbi.nlm.nih.gov/11163521/,Cem,,,Aysenur,,
how should we model and evaluate breathing interplay effects in impt?,https://pubmed.ncbi.nlm.nih.gov/34757958/,Cem,,,Soheil,,
exploring trade-offs between vmat dose quality and delivery efficiency using a network optimization approach,https://pubmed.ncbi.nlm.nih.gov/22892588/,Cem,,,Aysenur,,
experimental evaluation of a robust optimization method for imrt of moving targets,https://pubmed.ncbi.nlm.nih.gov/19384003/,Cem,,,Soheil,,
proton energy optimization and reduction for intensity-modulated proton therapy,https://pubmed.ncbi.nlm.nih.gov/25295881/,Cem,,,Aysenur,,
application of constrained simulated annealing to 3d stereotactic radiotherapy treatment planning,https://pubmed.ncbi.nlm.nih.gov/12553248/,Cem,,,Aysenur,,
the perils of adapting to dose errors in radiation therapy,https://pubmed.ncbi.nlm.nih.gov/25942407/,Cem,,,Mohammad,,
a deterministic solution of the first order linear boltzmann transport equation in the presence of external magnetic fields,https://pubmed.ncbi.nlm.nih.gov/25652492/,Cem,,,Mohammad,,
impact of respiratory motion on worst-case scenario optimized intensity modulated proton therapy for lung cancers,https://pubmed.ncbi.nlm.nih.gov/25413400/,Cem,,,Mohammad,,
on linear infeasibility arising in intensity-modulated radiation therapy inverse planning,https://pubmed.ncbi.nlm.nih.gov/19562040/,Cem,,,Soheil,,
prostate cancer: progression of prostate-specific antigen after external beam irradiation,https://pubmed.ncbi.nlm.nih.gov/12591620/,Cem,,,Aysenur,,
a dynamic programming approach to adaptive fractionation,https://pubmed.ncbi.nlm.nih.gov/22330328/,Cem,,,Mohammad,,
explicit optimization of plan quality measures in intensity-modulated radiation therapy treatment planning,https://pubmed.ncbi.nlm.nih.gov/28160520/,Cem,,,Mohammad,,
a stochastic model for tumour control probability that accounts for repair from sublethal damage,https://pubmed.ncbi.nlm.nih.gov/28339783/,Cem,,,Aysenur,,
the selection of patients for accelerated radiotherapy on the basis of tumor growth kinetics and intrinsic radiosensitivity,https://pubmed.ncbi.nlm.nih.gov/2217868/,Cem,,,Soheil,,
treatment planning and 4d robust evaluation strategy for proton therapy of lung tumors with large motion amplitude,https://pubmed.ncbi.nlm.nih.gov/34214201/,Cem,,,Mohammad,,
predicting treatment process steps from events,https://pubmed.ncbi.nlm.nih.gov/25510607/,Cem,,,Mohammad,,
composite minimax robust optimization of vmat improves target coverage and reduces non-target dose in head and neck cancer patients,https://pubmed.ncbi.nlm.nih.gov/31015132/,Cem,,,Soheil,,
utilizing online stochastic optimization on scheduling of intensity-modulate radiotherapy therapy (imrt),https://pubmed.ncbi.nlm.nih.gov/32653620/,Cem,,,Soheil,,
an îto stochastic differential equations model for the dynamics of the mcf-7 breast cancer cell line treated by radiotherapy,https://pubmed.ncbi.nlm.nih.gov/27457094/,Cem,,,Aysenur,,
a new optimization algorithm for hdr brachytherapy that improves dvh-based planning: truncated conditional value-at-risk (tcvar),https://pubmed.ncbi.nlm.nih.gov/35102005/,Cem,,,Aysenur,,
fully automatic segmentation of arbitrarily shaped fiducial markers in cone-beam ct projections,https://pubmed.ncbi.nlm.nih.gov/28114115/,Cem,,,Aysenur,,
dosimetric comparison of intensity modulated radiotherapy and intensity modulated proton therapy in the treatment of recurrent nasopharyngeal carcinoma,https://pubmed.ncbi.nlm.nih.gov/34470708/,Cem,,,Soheil,,
flattening filter free in intensity-modulated radiotherapy (imrt) - theoretical modeling with delivery efficiency analysis,https://pubmed.ncbi.nlm.nih.gov/30371944/,Cem,,,Mohammad,,
robust intensity-modulated proton therapy to reduce high linear energy transfer in organs at risk,https://pubmed.ncbi.nlm.nih.gov/28976574/,Cem,,,Mohammad,,
guaranteed epsilon-optimal treatment plans with the minimum number of beams for stereotactic body radiation therapy,https://pubmed.ncbi.nlm.nih.gov/23920378/,Cem,,,Aysenur,,
the oligometastatic state - separating truth from wishful thinking,https://pubmed.ncbi.nlm.nih.gov/24958182/,Cem,,,Soheil,,
use of proximal operator graph solver for radiation therapy inverse treatment planning,https://pubmed.ncbi.nlm.nih.gov/28211070/,Cem,,,Soheil,,
simulation of dosimetry impact of 4dct uncertainty in 4d dose calculation for lung sbrt,https://pubmed.ncbi.nlm.nih.gov/30621744/,Cem,,,Aysenur,,
generation of prescriptions robust against geometric uncertainties in dose painting by numbers,https://pubmed.ncbi.nlm.nih.gov/24991892/,Cem,,,Aysenur,,
evaluation of the peripheral dose in stereotactic radiotherapy and radiosurgery treatments,https://pubmed.ncbi.nlm.nih.gov/20831066/,Cem,,,Soheil,,
treatment planning for prostate brachytherapy using region of interest adjoint functions and a greedy heuristic,https://pubmed.ncbi.nlm.nih.gov/14727752/,Cem,,,Aysenur,,
impact of range uncertainty on clinical distributions of linear energy transfer and biological effectiveness in proton therapy,https://pubmed.ncbi.nlm.nih.gov/33118161/,Cem,,,Mohammad,,
su-e-t-619: a network-flow solution approach to vmat treatment plan optimization,https://pubmed.ncbi.nlm.nih.gov/28517550/,Cem,,,Mohammad,,
a two-stage sequential linear programming approach to imrt dose optimization,https://pubmed.ncbi.nlm.nih.gov/20071764/,Cem,,,Soheil,,
robust optimization to reduce the impact of biological effect variation from physical uncertainties in intensity-modulated proton therapy,https://pubmed.ncbi.nlm.nih.gov/30523932/,Cem,,,Mohammad,,
four-dimensional plan optimization for the treatment of lung tumors using pencil-beam scanning proton radiotherapy,https://pubmed.ncbi.nlm.nih.gov/30402360/,Cem,,,Mohammad,,
an exact approach to direct aperture optimization in imrt treatment planning,https://pubmed.ncbi.nlm.nih.gov/18065842/,Cem,,,Mohammad,,
robust dose-painting-by-numbers vs. nonselective dose escalation for non-small cell lung cancer patients,https://pubmed.ncbi.nlm.nih.gov/33721350/,Cem,,,Mohammad,,
automated treatment planning for a dedicated multi-source intra-cranial radiosurgery treatment unit accounting for overlapping structures and dose homogeneity,https://pubmed.ncbi.nlm.nih.gov/24007148/,Cem,,,Soheil,,
advantage of biological over physical optimization in prostate cancer?,https://pubmed.ncbi.nlm.nih.gov/21530201/,Cem,,,Soheil,,
a fast robust optimizer for intensity modulated proton therapy using gpu,https://pubmed.ncbi.nlm.nih.gov/32141699/,Cem,,,Soheil,,
a greedy heuristic using adjoint functions for the optimization of seed and needle configurations in prostate seed implant,https://pubmed.ncbi.nlm.nih.gov/17228123/,Cem,,,Aysenur,,
quantification of plan robustness against different uncertainty sources for classical and anatomical robust optimized treatment plans in head and neck cancer proton therapy,https://pubmed.ncbi.nlm.nih.gov/31778315/,Cem,,,Mohammad,,
selection of beam orientations in intensity-modulated radiation therapy using single-beam indices and integer programming,https://pubmed.ncbi.nlm.nih.gov/15379026/,Cem,,,Mohammad,,
optimal treatment and stochastic modeling of heterogeneous tumors,https://pubmed.ncbi.nlm.nih.gov/27549860/,Cem,,,Aysenur,,
adaptive treatment-length optimization in spatiobiologically integrated radiotherapy,https://pubmed.ncbi.nlm.nih.gov/29512510/,Cem,,,Soheil,,
a robust optimization method for weighted-layer-stacking proton beam therapy,https://pubmed.ncbi.nlm.nih.gov/32570220/,Cem,,,Mohammad,,
"an in silico planning study comparing doses and estimated risk of toxicity in 3d-crt, imrt and proton beam therapy of patients with thymic tumours",https://pubmed.ncbi.nlm.nih.gov/31000071/,Cem,,,Mohammad,,
increasing maximum tumor dose to manage range uncertainties in impt treatment planning,https://pubmed.ncbi.nlm.nih.gov/24077105/,Cem,,,Mohammad,,
automated patient setup and gating using cone beam computed tomography projections,https://pubmed.ncbi.nlm.nih.gov/26954591/,Cem,,,Mohammad,,
real-time mri-guided percutaneous sclerotherapy treatment of venous low-flow malformations in the head and neck,https://pubmed.ncbi.nlm.nih.gov/28516809/,Cem,,,Mohammad,,
large scale optimization of beam weights under dose-volume restrictions,https://pubmed.ncbi.nlm.nih.gov/2323977/,Cem,,,Aysenur,,
a stochastic model for psa levels: behavior of solutions and population statistics,https://pubmed.ncbi.nlm.nih.gov/16832692/,Cem,,,Soheil,,
stochastic predictions of cell kill during stereotactic ablative radiation therapy: do hypoxia and reoxygenation really matter?,https://pubmed.ncbi.nlm.nih.gov/27212197/,Cem,,,Soheil,,
the role of plan robustness evaluation in comparing protons and photons plans - an application on impt and imrt plans in skull base chordomas,https://pubmed.ncbi.nlm.nih.gov/33953495/,Cem,,,Soheil,,
"impact of multiple beams on plan quality, linear energy transfer distribution, and plan robustness of intensity modulated proton therapy for lung cancer",https://pubmed.ncbi.nlm.nih.gov/33125211/,Cem,,,Aysenur,,
brachytherapy optimal planning with application to intravascular radiation therapy,https://pubmed.ncbi.nlm.nih.gov/10710293/,Cem,,,Mohammad,,
designing radiotherapy plans with elastic constraints and interior point methods,https://pubmed.ncbi.nlm.nih.gov/12638922/,Cem,,,Aysenur,,
the influence of dose constraint point placement on optimized radiation therapy treatment planning,https://pubmed.ncbi.nlm.nih.gov/2380078/,Cem,,,Aysenur,,
a fourier analysis of the dose grid resolution required for accurate imrt fluence map optimization,https://pubmed.ncbi.nlm.nih.gov/15789583/,Cem,,,Soheil,,
a new approach to off-line setup corrections: combining safety with minimum workload,https://pubmed.ncbi.nlm.nih.gov/12349921/,Cem,,,Aysenur,,
multi-observation pet image analysis for patient follow-up quantitation and therapy assessment,https://pubmed.ncbi.nlm.nih.gov/21846937/,Cem,,,Soheil,,
a general algorithm for distributed treatments of multiple brain metastases,https://pubmed.ncbi.nlm.nih.gov/33449357/,Cem,,,Mohammad,,
analysis of stochastic noise in intensity-modulated beams,https://pubmed.ncbi.nlm.nih.gov/15470910/,Cem,,,Mohammad,,
mathematical modeling of locoregional recurrence caused by premalignant lesions formed before initial treatment,https://pubmed.ncbi.nlm.nih.gov/34722296/,Cem,,,Mohammad,,
a critique of the decision analysis for clinically localized prostate cancer,https://pubmed.ncbi.nlm.nih.gov/7933246/,Cem,,,Soheil,,
investigating volumetric repainting to mitigate interplay effect on 4d robustly optimized lung cancer plans in pencil beam scanning proton therapy,https://pubmed.ncbi.nlm.nih.gov/33599391/,Cem,,,Soheil,,
robust optimization based upon statistical theory,https://pubmed.ncbi.nlm.nih.gov/20879563/,Cem,,,Aysenur,,
robust fluence map optimization via alternating direction method of multipliers with empirical parameter optimization,https://pubmed.ncbi.nlm.nih.gov/26987680/,Cem,,,Soheil,,
validation of automated complex head and neck treatment planning with pencil beam scanning proton therapy,https://pubmed.ncbi.nlm.nih.gov/34936205/,Cem,,,Soheil,,
adaptive fractionation therapy: ii. biological effective dose,https://pubmed.ncbi.nlm.nih.gov/18780956/,Cem,,,Aysenur,,
second cancers after fractionated radiotherapy: stochastic population dynamics effects,https://pubmed.ncbi.nlm.nih.gov/17897680/,Cem,,,Aysenur,,
understanding the relationship between interactive optimisation and visual analytics in the context of prostate brachytherapy,https://pubmed.ncbi.nlm.nih.gov/28866546/,Cem,,,Aysenur,,
scan path optimization with/without clustering for active beam delivery in charged particle therapy,https://pubmed.ncbi.nlm.nih.gov/25616862/,Cem,,,Aysenur,,
optimization of beam weights under dose-volume restrictions,https://pubmed.ncbi.nlm.nih.gov/3610713/,Cem,,,Aysenur,,
dynamics between cancer cell subpopulations reveals a model coordinating with both hierarchical and stochastic concepts,https://pubmed.ncbi.nlm.nih.gov/24416258/,Lucas,,,Mohammad,,
individualized and inverse optimized needle configuration for combined intracavitary-interstitial brachytherapy in locally advanced cervical cancer,https://pubmed.ncbi.nlm.nih.gov/31939442/,Lucas,,,Soheil,,
interfractional trend analysis of dose differences based on 2d transit portal dosimetry,https://pubmed.ncbi.nlm.nih.gov/23001452/,Lucas,,,Aysenur,,
improved healthy tissue sparing in proton therapy of lung tumors using statistically sound robust optimization and evaluation,https://pubmed.ncbi.nlm.nih.gov/35227942/,Lucas,,,Soheil,,
"limited impact of setup and range uncertainties, breathing motion, and interplay effects in robustly optimized intensity modulated proton therapy for stage iii non-small cell lung cancer",https://pubmed.ncbi.nlm.nih.gov/27681763/,Lucas,,,Soheil,,
fast and accurate sensitivity analysis of impt treatment plans using polynomial chaos expansion,https://pubmed.ncbi.nlm.nih.gov/27227661/,Lucas,,,Soheil,,
markov decision process modeling for multi-stage optimization of intervention and treatment strategies in breast cancer,https://pubmed.ncbi.nlm.nih.gov/33019200/,Lucas,,,Mohammad,,
dosimetric advantages of daily adaptive strategy in impt for high-risk prostate cancer,https://pubmed.ncbi.nlm.nih.gov/35045211/,Lucas,,,Soheil,,
accounting for range uncertainties in the optimization of intensity modulated proton therapy,https://pubmed.ncbi.nlm.nih.gov/17473350/,Lucas,,,Aysenur,,
modelling recurrence and second cancer risks induced by proton therapy,https://pubmed.ncbi.nlm.nih.gov/29106564/,Lucas,,,Aysenur,,
proton therapy - present and future,https://pubmed.ncbi.nlm.nih.gov/27919760/,Lucas,,,Mohammad,,
optimal scheduling of radiotherapy and angiogenic inhibitors,https://pubmed.ncbi.nlm.nih.gov/12749532/,Lucas,,,Aysenur,,
microdosimetric description of beam quality and biological effectiveness in radiation therapy,https://pubmed.ncbi.nlm.nih.gov/8018380/,Lucas,,,Mohammad,,
integer programming for improving radiotherapy treatment efficiency,https://pubmed.ncbi.nlm.nih.gov/28700726/,Lucas,,,Mohammad,,
potentials of robust intensity modulated scanning proton plans for locally advanced lung cancer in comparison to intensity modulated photon plans,https://pubmed.ncbi.nlm.nih.gov/22560714/,Lucas,,,Mohammad,,
"characteristics of computed tomography perfusion parameters in non-small-cell-lung-cancer and its relationship to histology, size, stage an treatment response",https://pubmed.ncbi.nlm.nih.gov/29223410/,Lucas,,,Aysenur,,
a robust approach to imrt optimization,https://pubmed.ncbi.nlm.nih.gov/16675870/,Lucas,,,Aysenur,,
a stochastic model for prostate-specific antigen levels,https://pubmed.ncbi.nlm.nih.gov/15234613/,Lucas,,,Soheil,,
optimizing configurations for 7-dof robotic ultrasound guidance in radiotherapy of the prostate,https://pubmed.ncbi.nlm.nih.gov/31947445/,Lucas,,,Soheil,,
stereotactic ablative radiotherapy for 'oligometastases': a treatment in search of evidence,https://pubmed.ncbi.nlm.nih.gov/26792547/,Lucas,,,Soheil,,
applying usability heuristics to radiotherapy systems,https://pubmed.ncbi.nlm.nih.gov/21733590/,Lucas,,,Aysenur,,
inverse treatment planning using volume-based objective functions,https://pubmed.ncbi.nlm.nih.gov/15272670/,Lucas,,,Aysenur,,
resampling: an optimization method for inverse planning in robotic radiosurgery,https://pubmed.ncbi.nlm.nih.gov/17153380/,Lucas,,,Mohammad,,
optimized dynamic rotation with wedges,https://pubmed.ncbi.nlm.nih.gov/1518486/,Lucas,,,Mohammad,,
"simultaneous navigation of multiple pareto surfaces, with an application to multicriteria imrt planning with multiple beam angle configurations",https://pubmed.ncbi.nlm.nih.gov/20229883/,Lucas,,,Mohammad,,
tumour control probability: a formulation applicable to any temporal protocol of dose delivery,https://pubmed.ncbi.nlm.nih.gov/10701504/,Lucas,,,Aysenur,,
a characterization of robust radiation therapy treatment planning methods-from expected value to worst case optimization,https://pubmed.ncbi.nlm.nih.gov/22894442/,Lucas,,,Mohammad,,
a monte carlo approach to the microdosimetric kinetic model to account for dose rate time structure effects in ion beam therapy with application in treatment planning simulations,https://pubmed.ncbi.nlm.nih.gov/28130821/,Lucas,,,Mohammad,,
knowledge-based quality control of organ delineations in radiation therapy,https://pubmed.ncbi.nlm.nih.gov/35028948/,Lucas,,,Soheil,,
proton relative biological effectiveness (rbe): a multiscale problem,https://pubmed.ncbi.nlm.nih.gov/29975153/,Lucas,,,Mohammad,,
surveillance imaging for patients with head and neck cancer treated with definitive radiotherapy: a partially observed markov decision process model,https://pubmed.ncbi.nlm.nih.gov/31725906/,Lucas,,,Aysenur,,
online stochastic optimization of radiotherapy patient scheduling,https://pubmed.ncbi.nlm.nih.gov/24803080/,Lucas,,,Aysenur,,
a small number of objective function weight vectors is sufficient for automated treatment planning in prostate cancer,https://pubmed.ncbi.nlm.nih.gov/29998853/,Lucas,,,Aysenur,,
a monte-carlo-based and gpu-accelerated 4d-dose calculator for a pencil beam scanning proton therapy system,https://pubmed.ncbi.nlm.nih.gov/30203550/,Lucas,,,Soheil,,
intensity modulated radiation therapy with field rotation--a time-varying fractionation study,https://pubmed.ncbi.nlm.nih.gov/22231648/,Lucas,,,Mohammad,,
mixed integer programming with dose-volume constraints in intensity-modulated proton therapy,https://pubmed.ncbi.nlm.nih.gov/28681976/,Lucas,,,Soheil,,
on the pitfalls of ptv in lung sbrt using type-b dose engine: an analysis of ptv and worst case scenario concepts for treatment plan optimization,https://pubmed.ncbi.nlm.nih.gov/32471457/,Lucas,,,Mohammad,,
optimization of treatment isocenter location in single-isocenter linac-based stereotactic radiosurgery for management of multiple brain metastases,https://pubmed.ncbi.nlm.nih.gov/34655249/,Lucas,,,Aysenur,,
3d conformal intensity-modulated radiotherapy planning: interactive optimization by constrained matrix inversion,https://pubmed.ncbi.nlm.nih.gov/9632295/,Lucas,,,Soheil,,
high-dose hypofractionated pencil beam scanning carbon ion radiotherapy for lung tumors: dosimetric impact of different spot sizes and robustness to interfractional uncertainties,https://pubmed.ncbi.nlm.nih.gov/33984821/,Lucas,,,Aysenur,,
an iterative sequential mixed-integer approach to automated prostate brachytherapy treatment plan optimization,https://pubmed.ncbi.nlm.nih.gov/11229716/,Lucas,,,Soheil,,
a fast optimization algorithm for multicriteria intensity modulated proton therapy planning,https://pubmed.ncbi.nlm.nih.gov/20964213/,Lucas,,,Soheil,,
robust mixed electron-photon radiation therapy optimization,https://pubmed.ncbi.nlm.nih.gov/30628079/,Lucas,,,Soheil,,
in silico modelling of treatment-induced tumour cell kill: developments and advances,https://pubmed.ncbi.nlm.nih.gov/22852024/,Lucas,,,Soheil,,
design of adaptive treatment margins for non-negligible measurement uncertainty: application to ultrasound-guided prostate radiation therapy,https://pubmed.ncbi.nlm.nih.gov/14971773/,Lucas,,,Mohammad,,
in silico modelling of tumour margin diffusion and infiltration: review of current status,https://pubmed.ncbi.nlm.nih.gov/22919432/,Lucas,,,Aysenur,,
a difference-matrix metaheuristic for intensity map segmentation in step-and-shoot imrt delivery,https://pubmed.ncbi.nlm.nih.gov/16675867/,Lucas,,,Soheil,,
robustness recipes for minimax robust optimization in intensity modulated proton therapy for oropharyngeal cancer patients,https://pubmed.ncbi.nlm.nih.gov/27084639/,Lucas,,,Mohammad,,
a practical approach to inverse planning for high-precision dose escalated conformal prostate radiotherapy,https://pubmed.ncbi.nlm.nih.gov/11384065/,Lucas,,,Soheil,,
the price of robustness; impact of worst-case optimization on organ-at-risk dose and complication probability in intensity-modulated proton therapy for oropharyngeal cancer patients,https://pubmed.ncbi.nlm.nih.gov/27178142/,Lucas,,,Aysenur,,
a pilot study on the comparison between planning target volume-based intensity-modulated proton therapy plans and robustly optimized intensity-modulated proton therapy plans,https://pubmed.ncbi.nlm.nih.gov/30305776/,Lucas,,,Soheil,,
the consequence of day-to-day stochastic dose deviation from the planned dose in fractionated radiation therapy,https://pubmed.ncbi.nlm.nih.gov/26776265/,Lucas,,,Soheil,,
dynamic optimization of a linear-quadratic model with incomplete repair and volume-dependent sensitivity and repopulation,https://pubmed.ncbi.nlm.nih.gov/10863081/,Lucas,,,Mohammad,,
iterated birth and death process as a model of radiation cell survival,https://pubmed.ncbi.nlm.nih.gov/11137529/,Lucas,,,Mohammad,,
4d strategies for lung tumors treated with hypofractionated scanning proton beam therapy: dosimetric impact and robustness to interplay effects,https://pubmed.ncbi.nlm.nih.gov/32222489/,Lucas,,,Aysenur,,
a stochastic framework for spot-scanning particle therapy,https://pubmed.ncbi.nlm.nih.gov/28268849/,Lucas,,,Mohammad,,
heuristic knowledge-based planning for single-isocenter stereotactic radiosurgery to multiple brain metastases,https://pubmed.ncbi.nlm.nih.gov/28731267/,Lucas,,,Mohammad,,
an automated approach to seed assignment for eye plaque brachytherapy,https://pubmed.ncbi.nlm.nih.gov/10943927/,Lucas,,,Aysenur,,
automated high-dose rate brachytherapy treatment planning for a single-channel vaginal cylinder applicator,https://pubmed.ncbi.nlm.nih.gov/28244879/,Lucas,,,Mohammad,,
"proposals of models for new formulations of the current complication-free cure (p+) and uncomplicated tumor control probability (utcp) concepts, and total normal tissue complication probability of late complications",https://pubmed.ncbi.nlm.nih.gov/32163306/,Lucas,,,Aysenur,,
cbct-based adaptive assessment workflow for intensity modulated proton therapy for head and neck cancer,https://pubmed.ncbi.nlm.nih.gov/33829071/,Lucas,,,Soheil,,
proton range uncertainty reduction benefits for skull base tumors in terms of normal tissue complication probability (ntcp) and healthy tissue doses,https://pubmed.ncbi.nlm.nih.gov/34260085/,Lucas,,,Soheil,,
robust radiation therapy optimization using simulated treatment courses for handling deformable organ motion,https://pubmed.ncbi.nlm.nih.gov/33348330/,Lucas,,,Aysenur,,
the study of multi-phrase multi-criterion steretactic radiotherapy treatment planning,https://pubmed.ncbi.nlm.nih.gov/12080738/,Lucas,,,Soheil,,
adaptive and robust radiation therapy in the presence of drift,https://pubmed.ncbi.nlm.nih.gov/25860509/,Lucas,,,Mohammad,,
prediction of inter-fractional radiotherapy dose plans with domain translation in spatiotemporal embeddings,https://pubmed.ncbi.nlm.nih.gov/32622121/,Lucas,,,Mohammad,,
feasibility study: spot-scanning proton arc therapy (sparc) for left-sided whole breast radiotherapy,https://pubmed.ncbi.nlm.nih.gov/33028378/,Lucas,,,Aysenur,,
conformal radiotherapy and intensity-modulated radiotherapy--clinical data,https://pubmed.ncbi.nlm.nih.gov/11093364/,Lucas,,,Mohammad,,
lung stereotactic body radiotherapy (sbrt) using spot-scanning proton arc (sparc) therapy: a feasibility study,https://pubmed.ncbi.nlm.nih.gov/33968770/,Lucas,,,Mohammad,,
proton therapy for head and neck squamous cell carcinomas: from physics to clinic,https://pubmed.ncbi.nlm.nih.gov/31358445/,Lucas,,,Mohammad,,
on adaptation cost and tractability in robust adaptive radiation therapy optimization,https://pubmed.ncbi.nlm.nih.gov/32275778/,Lucas,,,Aysenur,,
statistical analysis of dose heterogeneity in circulating blood: implications for sequential methods of total body irradiation,https://pubmed.ncbi.nlm.nih.gov/21158268/,Lucas,,,Soheil,,
efficacy of robust optimization plan with partial-arc vmat for photon volumetric-modulated arc therapy: a phantom study,https://pubmed.ncbi.nlm.nih.gov/28691343/,Lucas,,,Soheil,,
optimisation of radiotherapy treatment planning,https://pubmed.ncbi.nlm.nih.gov/4669753/,Lucas,,,Aysenur,,
a surrogate-based metaheuristic global search method for beam angle selection in radiation treatment planning,https://pubmed.ncbi.nlm.nih.gov/23459411/,Lucas,,,Soheil,,
quantifying local lung perfusion and ventilation using correlated spect and ct data,https://pubmed.ncbi.nlm.nih.gov/8176459/,Lucas,,,Soheil,,
intensity-modulated proton therapy (impt) versus intensity-modulated radiation therapy (imrt) for the treatment of head and neck cancer: a dosimetric comparison,https://pubmed.ncbi.nlm.nih.gov/33648823/,Lucas,,,Aysenur,,
automated proton treatment planning with robust optimization using constrained hierarchical optimization,https://pubmed.ncbi.nlm.nih.gov/32196679/,Lucas,,,Aysenur,,
volumetric modulated arc therapy versus intensity-modulated proton therapy in the postoperative irradiation of thymoma,https://pubmed.ncbi.nlm.nih.gov/32514629/,Lucas,,,Mohammad,,
stepwise multi-criteria optimization for robotic radiosurgery,https://pubmed.ncbi.nlm.nih.gov/18561685/,Lucas,,,Soheil,,
first-passage times and normal tissue complication probabilities in the limit of large populations,https://pubmed.ncbi.nlm.nih.gov/32472002/,Lucas,,,Soheil,,
integrating soft and hard dose-volume constraints into hierarchical constrained imrt optimization,https://pubmed.ncbi.nlm.nih.gov/31742731/,Lucas,,,Aysenur,,
dose optimization with first-order total-variation minimization for dense angularly sampled and sparse intensity modulated radiation therapy (dassim-rt),https://pubmed.ncbi.nlm.nih.gov/22830765/,Lucas,,,Aysenur,,
introducing a probabilistic definition of the target in a robust treatment planning framework,https://pubmed.ncbi.nlm.nih.gov/34236043/,Lucas,,,Mohammad,,
mctp system model based on linear programming optimization of apertures obtained from sequencing patient image data maps,https://pubmed.ncbi.nlm.nih.gov/25086529/,Lucas,,,Aysenur,,
alpha-particle monte carlo simulation for microdosimetric calculations using a commercial spreadsheet,https://pubmed.ncbi.nlm.nih.gov/17374919/,Mohammad,,,Cem,,
a set cover approach to fast beam orientation optimization in intensity modulated radiation therapy for total marrow irradiation,https://pubmed.ncbi.nlm.nih.gov/21828910/,Mohammad,,,Cem,,
radiotherapy treatment scheduling considering time window preferences,https://pubmed.ncbi.nlm.nih.gov/32594285/,Mohammad,,,Lucas,,
toward robust adaptive radiation therapy strategies,https://pubmed.ncbi.nlm.nih.gov/28317129/,Mohammad,,,Lucas,,
simultaneous optimization of mixed photon energy beams in volumetric modulated arc therapy,https://pubmed.ncbi.nlm.nih.gov/31276215/,Mohammad,,,Lucas,,
stochastic modelling of the role of cisplatin in altered fractionation schedules for head and neck cancer,https://pubmed.ncbi.nlm.nih.gov/20034829/,Mohammad,,,Cem,,
dwell time modulation restrictions do not necessarily improve treatment plan quality for prostate hdr brachytherapy,https://pubmed.ncbi.nlm.nih.gov/25549084/,Mohammad,,,Lucas,,
conversion of dose-volume constraints to dose limits,https://pubmed.ncbi.nlm.nih.gov/14703167/,Mohammad,,,Lucas,,
stochastic modeling of radiation-induced dendritic damage on in silico mouse hippocampal neurons,https://pubmed.ncbi.nlm.nih.gov/29615729/,Mohammad,,,Lucas,,
characterizing the combinatorial beam angle selection problem,https://pubmed.ncbi.nlm.nih.gov/23023092/,Mohammad,,,Cem,,
consensus guidelines for implementing pencil-beam scanning proton therapy for thoracic malignancies on behalf of the ptcog thoracic and lymphoma subcommittee,https://pubmed.ncbi.nlm.nih.gov/28816159/,Mohammad,,,Cem,,
an algorithm for generation of implant plans for high-dose-rate irradiators,https://pubmed.ncbi.nlm.nih.gov/2308545/,Mohammad,,,Cem,,
robust spatiotemporal fractionation schemes in the presence of patient setup uncertainty,https://pubmed.ncbi.nlm.nih.gov/31087677/,Mohammad,,,Lucas,,
mixed integer programming optimization models for brachytherapy treatment planning,https://pubmed.ncbi.nlm.nih.gov/9357632/,Mohammad,,,Cem,,
postsurgical geometrical variations of tumor bed and brainstem during photon and proton therapy for pediatric tumors of the posterior fossa: dosimetric impact and predictive factors,https://pubmed.ncbi.nlm.nih.gov/34351450/,Mohammad,,,Lucas,,
inverse-planned deliverable 4d-imrt for lung sbrt,https://pubmed.ncbi.nlm.nih.gov/30153339/,Mohammad,,,Lucas,,
modelling the efficacy of hyperthermia treatment,https://pubmed.ncbi.nlm.nih.gov/23985732/,Mohammad,,,Lucas,,
automatic generation of a plan optimization volume for tangential field breast cancer radiation therapy,https://pubmed.ncbi.nlm.nih.gov/15702296/,Mohammad,,,Cem,,
robust planning for a patient treated in decubitus position with proton pencil beam scanning radiotherapy,https://pubmed.ncbi.nlm.nih.gov/29159012/,Mohammad,,,Cem,,
mathematical modeling of the effects of tumor heterogeneity on the efficiency of radiation treatment schedule,https://pubmed.ncbi.nlm.nih.gov/29218592/,Mohammad,,,Lucas,,
quantum-inspired algorithm for radiotherapy planning optimization,https://pubmed.ncbi.nlm.nih.gov/31574176/,Mohammad,,,Lucas,,
very fast simulated reannealing in radiation therapy treatment plan optimization,https://pubmed.ncbi.nlm.nih.gov/7995750/,Mohammad,,,Lucas,,
maximizing the probability of satisfying the clinical goals in radiation therapy treatment planning under setup uncertainty,https://pubmed.ncbi.nlm.nih.gov/26133599/,Mohammad,,,Cem,,
radiation dose-painting with protons vs. photons for head-and-neck cancer,https://pubmed.ncbi.nlm.nih.gov/31964199/,Mohammad,,,Cem,,
clinical implementation of stereotaxic brain implant optimization,https://pubmed.ncbi.nlm.nih.gov/2046613/,Mohammad,,,Lucas,,
functional lung avoidance and response-adaptive escalation (flare) rt: multimodality plan dosimetry of a precision radiation oncology strategy,https://pubmed.ncbi.nlm.nih.gov/28453861/,Mohammad,,,Cem,,
robust optimization in lung treatment plans accounting for geometric uncertainty,https://pubmed.ncbi.nlm.nih.gov/29524301/,Mohammad,,,Cem,,
clinical examination of proton pencil beam scanning on a moving anthropomorphic lung phantom,https://pubmed.ncbi.nlm.nih.gov/29759487/,Mohammad,,,Lucas,,
influence of time-dependent stochastic heterogeneity on the radiation response of a cell population,https://pubmed.ncbi.nlm.nih.gov/7919667/,Mohammad,,,Cem,,
the course of lung oligometastatic colorectal cancer may be a reflection of selection for treatment rather than an effect of stereotactic body radiotherapy,https://pubmed.ncbi.nlm.nih.gov/33242138/,Mohammad,,,Lucas,,
including robustness in multi-criteria optimization for intensity-modulated proton therapy,https://pubmed.ncbi.nlm.nih.gov/22222720/,Mohammad,,,Cem,,
an approach for practical multiobjective imrt treatment planning,https://pubmed.ncbi.nlm.nih.gov/17920782/,Mohammad,,,Lucas,,
simultaneous beam geometry and intensity map optimization in intensity-modulated radiation therapy,https://pubmed.ncbi.nlm.nih.gov/16289912/,Mohammad,,,Cem,,
are more complicated tumour control probability models better?,https://pubmed.ncbi.nlm.nih.gov/22006625/,Mohammad,,,Lucas,,
an automatic approach for satisfying dose-volume constraints in linear fluence map optimization for impt,https://pubmed.ncbi.nlm.nih.gov/25506501/,Mohammad,,,Cem,,
robust treatment planning in whole pelvis pencil beam scanning proton therapy for prostate cancer,https://pubmed.ncbi.nlm.nih.gov/32471604/,Mohammad,,,Lucas,,
dosimetric and volumetric criteria for selecting a source activity and a source type ((125)i or (103)pd) in the presence of irregular seed placement in permanent prostate implants,https://pubmed.ncbi.nlm.nih.gov/10837969/,Mohammad,,,Lucas,,
semiautomatic registration of 3d transabdominal ultrasound images for patient repositioning during postprostatectomy radiotherapy,https://pubmed.ncbi.nlm.nih.gov/25471982/,Mohammad,,,Cem,,
decision science can inform clinical trade-offs regarding cardiotoxic cancer treatments,https://pubmed.ncbi.nlm.nih.gov/34350379/,Mohammad,,,Cem,,
dose-shaping using targeted sparse optimization,https://pubmed.ncbi.nlm.nih.gov/23822415/,Mohammad,,,Cem,,
preliminary tests of dosimetric quality and projected therapeutic outcomes of multi-phase 4d radiotherapy with proton and carbon ion beams,https://pubmed.ncbi.nlm.nih.gov/34740202/,Mohammad,,,Cem,,
dose-volume considerations with linear programming optimization,https://pubmed.ncbi.nlm.nih.gov/1753905/,Mohammad,,,Cem,,
online adaptive dose restoration in intensity modulated proton therapy of lung cancer to account for inter-fractional density changes,https://pubmed.ncbi.nlm.nih.gov/33458323/,Mohammad,,,Lucas,,
total-variation regularization based inverse planning for intensity modulated arc therapy,https://pubmed.ncbi.nlm.nih.gov/22335409/,Mohammad,,,Lucas,,
robust optimization should be used to replace ptv in radiotherapy treatment planning,https://pubmed.ncbi.nlm.nih.gov/34554590/,Mohammad,,,Lucas,,
high-dose-rate prostate brachytherapy inverse planning on dose-volume criteria by simulated annealing,https://pubmed.ncbi.nlm.nih.gov/26760757/,Mohammad,,,Cem,,
including anatomical variations in robust optimization for head and neck proton therapy can reduce the need of adaptation,https://pubmed.ncbi.nlm.nih.gov/30773179/,Mohammad,,,Cem,,
carabeamer: a treatment planner for a robotic radiosurgical system with general kinematics,https://pubmed.ncbi.nlm.nih.gov/10710294/,Mohammad,,,Lucas,,
radiotherapy treatment scheduling: implementing operations research into clinical practice,https://pubmed.ncbi.nlm.nih.gov/33606831/,Mohammad,,,Cem,,
dvh analytics: a dvh database for clinicians and researchers,https://pubmed.ncbi.nlm.nih.gov/30032488/,Mohammad,,,Cem,,
improve dosimetric outcome in stage iii non-small-cell lung cancer treatment using spot-scanning proton arc (sparc) therapy,https://pubmed.ncbi.nlm.nih.gov/29486782/,Mohammad,,,Lucas,,
an analysis of plan robustness for esophageal tumors: comparing volumetric modulated arc therapy plans and spot scanning proton planning,https://pubmed.ncbi.nlm.nih.gov/27084641/,Mohammad,,,Lucas,,
extra-pleural pneumonectomy versus no extra-pleural pneumonectomy for patients with malignant pleural mesothelioma: clinical outcomes of the mesothelioma and radical surgery (mars) randomised feasibility study,https://pubmed.ncbi.nlm.nih.gov/21723781/,Mohammad,,,Lucas,,
the impact of treatment accuracy on proton therapy patient selection for oropharyngeal cancer patients,https://pubmed.ncbi.nlm.nih.gov/29074078/,Mohammad,,,Cem,,
stochastic model for tumor control probability: effects of cell cycle and (a)symmetric proliferation,https://pubmed.ncbi.nlm.nih.gov/25416304/,Mohammad,,,Cem,,
application of a stochastic model to response assessments in a study of squamous cell carcinoma of the head and neck,https://pubmed.ncbi.nlm.nih.gov/22962036/,Mohammad,,,Cem,,
cell-cycle times and the tumour control probability,https://pubmed.ncbi.nlm.nih.gov/19966342/,Mohammad,,,Lucas,,
"time of ptv is ending, robust optimization comes next",https://pubmed.ncbi.nlm.nih.gov/32861608/,Mohammad,,,Lucas,,
a modular approach to intensity-modulated arc therapy optimization with noncoplanar trajectories,https://pubmed.ncbi.nlm.nih.gov/26083759/,Mohammad,,,Cem,,
thermal effusivity changes as a precursor to moist desquamation,https://pubmed.ncbi.nlm.nih.gov/22823571/,Mohammad,,,Cem,,
impact of gaussian uncertainty assumptions on probabilistic optimization in particle therapy,https://pubmed.ncbi.nlm.nih.gov/32340012/,Mohammad,,,Lucas,,
feasibility and robustness of dose painting by numbers in proton therapy with contour-driven plan optimization,https://pubmed.ncbi.nlm.nih.gov/25832091/,Mohammad,,,Lucas,,
operations research for resource planning and -use in radiotherapy: a literature review,https://pubmed.ncbi.nlm.nih.gov/27884182/,Mohammad,,,Cem,,
registration of mr prostate images with biomechanical modeling and nonlinear parameter estimation,https://pubmed.ncbi.nlm.nih.gov/16532952/,Mohammad,,,Cem,,
a treatment planning method for better management of radiation-induced oral mucositis in locally advanced head and neck cancer,https://pubmed.ncbi.nlm.nih.gov/29628628/,Mohammad,,,Lucas,,
on-line re-optimization of prostate imrt plans for adaptive radiation therapy,https://pubmed.ncbi.nlm.nih.gov/18199909/,Mohammad,,,Cem,,
dose-escalated simultaneously integrated boost photon or proton therapy in pancreatic cancer in an <i>in-silico</i> study: gastrointestinal organs remain critical,https://pubmed.ncbi.nlm.nih.gov/33392399/,Mohammad,,,Lucas,,
one-tailed asymptotic inferences for the difference of proportions: analysis of 97 methods of inference,https://pubmed.ncbi.nlm.nih.gov/29608389/,Mohammad,,,Cem,,
comparing photon and proton-based hypofractioned sbrt for prostate cancer accounting for robustness and realistic treatment deliverability,https://pubmed.ncbi.nlm.nih.gov/29436852/,Mohammad,,,Cem,,
a stochastic frontier analysis for enhanced treatment quality of high-dose-rate brachytherapy plans,https://pubmed.ncbi.nlm.nih.gov/30731437/,Mohammad,,,Lucas,,
imputing radiobiological parameters of the linear-quadratic dose-response model from a radiotherapy fractionation plan,https://pubmed.ncbi.nlm.nih.gov/32937610/,Mohammad,,,Cem,,
robust plan optimization for electromagnetic transponder guided hypo-fractionated prostate treatment using volumetric modulated arc therapy,https://pubmed.ncbi.nlm.nih.gov/24145674/,Mohammad,,,Lucas,,
mitigation of the interplay effects of combining 4d robust with layer repainting techniques in proton-based sbrt for patients with early-stage non-small cell lung cancer,https://pubmed.ncbi.nlm.nih.gov/33163404/,Mohammad,,,Lucas,,
evaluation of radiotherapy education across the eu and the impact on graduates' competencies working on the linear accelerator,https://pubmed.ncbi.nlm.nih.gov/32943354/,Mohammad,,,Cem,,
a stochastic model for the normal tissue complication probability (ntcp) and applicationss,https://pubmed.ncbi.nlm.nih.gov/27591250/,Mohammad,,,Cem,,
"treatment planning for brachytherapy: an integer programming model, two computational approaches and experiments with permanent prostate implant planning",https://pubmed.ncbi.nlm.nih.gov/10071881/,Mohammad,,,Lucas,,
treatment plan modification using voxel-based weighting factors/dose prescription,https://pubmed.ncbi.nlm.nih.gov/12953910/,Mohammad,,,Lucas,,
advanced treatment planning,https://pubmed.ncbi.nlm.nih.gov/30421811/,Mohammad,,,Lucas,,
clinical evaluation of a real-time inverse planning for gamma knife radiosurgery by convex optimization: a prospective comparative trial in a series of vestibular schwannoma patients,https://pubmed.ncbi.nlm.nih.gov/33398540/,Mohammad,,,Cem,,
computational and mathematical modeling of tumor kinetics and response to radiation and chemotherapy,https://pubmed.ncbi.nlm.nih.gov/23320045/,Mohammad,,,Lucas,,
"preliminary results coupling ""stochastic mean field"" and ""boltzmann-langevin one body"" models with geant4",https://pubmed.ncbi.nlm.nih.gov/31706147/,Mohammad,,,Cem,,
dose homogeneity as a function of source activity in optimized i-125 prostate implant treatment plans,https://pubmed.ncbi.nlm.nih.gov/11704337/,Mohammad,,,Lucas,,
"experimental validation of stochastic microdosimetric kinetic model for multi-ion therapy treatment planning with helium-, carbon-, oxygen-, and neon-ion beams",https://pubmed.ncbi.nlm.nih.gov/31968318/,Mohammad,,,Cem,,
"dosimetric comparison of helical tomotherapy, volumetric-modulated arc therapy, and intensity-modulated proton therapy for angiosarcoma of the scalp",https://pubmed.ncbi.nlm.nih.gov/33517860/,Mohammad,,,Cem,,
combined mv + kv inverse treatment planning for optimal kv dose incorporation in igrt,https://pubmed.ncbi.nlm.nih.gov/24614611/,Mohammad,,,Lucas,,
robust pet-guided intensity-modulated radiation therapy,https://pubmed.ncbi.nlm.nih.gov/26233213/,Soheil,,,Cem,,
analysis and optimization of the robot setup for robotic-ultrasound-guided radiation therapy,https://pubmed.ncbi.nlm.nih.gov/31172439/,Soheil,,,Lucas,,
tu-g-brb-04: a robust-cvar optimization approach to left-sided breast imrt,https://pubmed.ncbi.nlm.nih.gov/28518699/,Soheil,,,Cem,,
fast dose optimization for rotating shield brachytherapy,https://pubmed.ncbi.nlm.nih.gov/28744870/,Soheil,,,Cem,,
location-allocation model for external beam radiotherapy as an example of an evidence-based management tool implemented in healthcare sector in poland,https://pubmed.ncbi.nlm.nih.gov/29477562/,Soheil,,,Cem,,
robust treatment planning with conditional value at risk chance constraints in intensity-modulated proton therapy,https://pubmed.ncbi.nlm.nih.gov/28044325/,Soheil,,,Lucas,,
comparison of novel shielded nasopharynx applicator designs for intracavitary brachytherapy,https://pubmed.ncbi.nlm.nih.gov/35067466/,Soheil,,,Lucas,,
impact of robust treatment planning on single- and multi-field optimized plans for proton beam therapy of unilateral head and neck target volumes,https://pubmed.ncbi.nlm.nih.gov/29183377/,Soheil,,,Lucas,,
accelerated robust optimization algorithm for proton therapy treatment planning,https://pubmed.ncbi.nlm.nih.gov/32155667/,Soheil,,,Cem,,
assessment of a carcinogenic risk for treatment of graves' ophthalmopathy in dependence on age and irradiation geometry,https://pubmed.ncbi.nlm.nih.gov/10660199/,Soheil,,,Cem,,
ranking radiotherapy treatment plans using decision-analytic and heuristic techniques,https://pubmed.ncbi.nlm.nih.gov/1807562/,Soheil,,,Cem,,
automated knowledge-based intensity-modulated proton planning: an international multicenter benchmarking study,https://pubmed.ncbi.nlm.nih.gov/30400263/,Soheil,,,Cem,,
intensity modulated neutron radiotherapy optimization by photon proxy,https://pubmed.ncbi.nlm.nih.gov/22894424/,Soheil,,,Lucas,,
technical note: treatment planning system (tps) approximations matter - comparing intensity-modulated proton therapy (impt) plan quality and robustness between a commercial and an in-house developed tps for nonsmall cell lung cancer (nsclc),https://pubmed.ncbi.nlm.nih.gov/31498885/,Soheil,,,Lucas,,
automated radiation therapy treatment plan workflow using a commercial application programming interface,https://pubmed.ncbi.nlm.nih.gov/25407855/,Soheil,,,Lucas,,
internal microdosimetry for single cells in radioimmunotherapy of b-cell lymphoma,https://pubmed.ncbi.nlm.nih.gov/15869460/,Soheil,,,Lucas,,
optimal combined proton-photon therapy schemes based on the standard bed model,https://pubmed.ncbi.nlm.nih.gov/30641502/,Soheil,,,Cem,,
optimization of beam orientations and beam weights for conformal radiotherapy using mixed integer programming,https://pubmed.ncbi.nlm.nih.gov/14727751/,Soheil,,,Cem,,
novel hybrid scattering- and scanning-beam proton therapy approach,https://pubmed.ncbi.nlm.nih.gov/31772974/,Soheil,,,Cem,,
considerations for using data envelopment analysis for the assessment of radiotherapy treatment plan quality,https://pubmed.ncbi.nlm.nih.gov/28958205/,Soheil,,,Lucas,,
from cell population models to tumor control probability: including cell cycle effects,https://pubmed.ncbi.nlm.nih.gov/20843174/,Soheil,,,Lucas,,
a novel fluence map optimization model incorporating leaf sequencing constraints,https://pubmed.ncbi.nlm.nih.gov/20124655/,Soheil,,,Lucas,,
hypothyroidism in patients treated with radiotherapy for head and neck carcinoma: standardised long-term follow-up study,https://pubmed.ncbi.nlm.nih.gov/26975210/,Soheil,,,Cem,,
a singular value decomposition linear programming (svdlp) optimization technique for circular cone based robotic radiotherapy,https://pubmed.ncbi.nlm.nih.gov/29148432/,Soheil,,,Lucas,,
inter-planner variation in treatment-plan quality of plans created with a knowledge-based treatment planning system,https://pubmed.ncbi.nlm.nih.gov/31706149/,Soheil,,,Lucas,,
evaluation of response to conventional chemotherapy and radiotherapy by perfusion computed tomography in non-small cell lung cancer (nsclc),https://pubmed.ncbi.nlm.nih.gov/31197486/,Soheil,,,Lucas,,
minimizing metastatic risk in radiotherapy fractionation schedules,https://pubmed.ncbi.nlm.nih.gov/26509743/,Soheil,,,Cem,,
dosimetric benefits of robust treatment planning for intensity modulated proton therapy for base-of-skull cancers,https://pubmed.ncbi.nlm.nih.gov/25407859/,Soheil,,,Cem,,
robust optimization for hdr prostate brachytherapy applied to organ reconstruction uncertainty,https://pubmed.ncbi.nlm.nih.gov/33503602/,Soheil,,,Lucas,,
incorporating uncertainties in respiratory motion into 4d treatment plan optimization,https://pubmed.ncbi.nlm.nih.gov/19673205/,Soheil,,,Lucas,,
lower doses to hippocampi and other brain structures for skull-base meningiomas with intensity modulated proton therapy compared to photon therapy,https://pubmed.ncbi.nlm.nih.gov/31522879/,Soheil,,,Cem,,
estimating dose painting effects in radiotherapy: a mathematical model,https://pubmed.ncbi.nlm.nih.gov/24586734/,Soheil,,,Cem,,
uncertainty incorporated beam angle optimization for impt treatment planning,https://pubmed.ncbi.nlm.nih.gov/22894449/,Soheil,,,Lucas,,
"accurate, robust and harmonized implementation of morpho-functional imaging in treatment planning for personalized radiotherapy",https://pubmed.ncbi.nlm.nih.gov/30625230/,Soheil,,,Lucas,,
tumor control probability model for alpha-particle-emitting radionuclides,https://pubmed.ncbi.nlm.nih.gov/10630973/,Soheil,,,Cem,,
evaluation of plan quality and robustness of impt and helical imrt for cervical cancer,https://pubmed.ncbi.nlm.nih.gov/32054496/,Soheil,,,Cem,,
potential pitfalls of the ptv concept in dose-to-medium planning optimization,https://pubmed.ncbi.nlm.nih.gov/27546868/,Soheil,,,Lucas,,
fast treatment plan modification with an over-relaxed cimmino algorithm,https://pubmed.ncbi.nlm.nih.gov/15000604/,Soheil,,,Lucas,,
lag time between onset of first symptom and treatment of retinoblastoma: an international collaborative study of 692 patients from 10 countries,https://pubmed.ncbi.nlm.nih.gov/33921566/,Soheil,,,Cem,,
probabilistic definition of the clinical target volume-implications for tumor control probability modeling and optimization,https://pubmed.ncbi.nlm.nih.gov/33197905/,Soheil,,,Cem,,
a novel linear programming approach to fluence map optimization for intensity modulated radiation therapy treatment planning,https://pubmed.ncbi.nlm.nih.gov/14653560/,Soheil,,,Lucas,,
gpu-based ultrafast imrt plan optimization,https://pubmed.ncbi.nlm.nih.gov/19826201/,Soheil,,,Lucas,,
microdosimetry for targeted alpha therapy of cancer,https://pubmed.ncbi.nlm.nih.gov/22988479/,Soheil,,,Cem,,
su-e-t-503: imrt optimization using monte carlo dose engine: the effect of statistical uncertainty,https://pubmed.ncbi.nlm.nih.gov/28518533/,Soheil,,,Cem,,
adaptive anisotropic diffusion filtering of monte carlo dose distributions,https://pubmed.ncbi.nlm.nih.gov/14516100/,Soheil,,,Lucas,,
the method of linear programming applied to radiation treatment planning,https://pubmed.ncbi.nlm.nih.gov/5677503/,Soheil,,,Lucas,,
treatment plan optimization using linear programming,https://pubmed.ncbi.nlm.nih.gov/2046598/,Soheil,,,Cem,,
the effect of radiotherapy on diffuse low-grade gliomas evolution: confronting theory with clinical data,https://pubmed.ncbi.nlm.nih.gov/34442462/,Soheil,,,Cem,,
dose-volume objectives in multi-criteria optimization,https://pubmed.ncbi.nlm.nih.gov/16861782/,Soheil,,,Lucas,,
anatomical robust optimization to account for nasal cavity filling variation during intensity-modulated proton therapy: a comparison with conventional and adaptive planning strategies,https://pubmed.ncbi.nlm.nih.gov/29160775/,Soheil,,,Lucas,,
improve the dosimetric outcome in bilateral head and neck cancer (hnc) treatment using spot-scanning proton arc (sparc) therapy: a feasibility study,https://pubmed.ncbi.nlm.nih.gov/32000817/,Soheil,,,Cem,,
an optimization model and solution for radiation shielding design of radiotherapy treatment vaults,https://pubmed.ncbi.nlm.nih.gov/18293573/,Soheil,,,Cem,,
multimodal treatment for malignant pleural mesothelioma,https://pubmed.ncbi.nlm.nih.gov/26538424/,Soheil,,,Lucas,,
the potential of constrained sar focusing for hyperthermia treatment planning: analysis for the head & neck region,https://pubmed.ncbi.nlm.nih.gov/30523869/,Soheil,,,Lucas,,
coverage-based constraints for imrt optimization,https://pubmed.ncbi.nlm.nih.gov/28741600/,Soheil,,,Cem,,
technical note: collimator angle optimization for multiple brain metastases in dynamic conformal arc treatment planning,https://pubmed.ncbi.nlm.nih.gov/34224150/,Soheil,,,Lucas,,
a real-time optimal inverse planning for gamma knife radiosurgery by convex optimization: description of the system and first dosimetry data,https://pubmed.ncbi.nlm.nih.gov/30544294/,Soheil,,,Cem,,
an off-line strategy for constructing a patient-specific planning target volume in adaptive treatment process for prostate cancer,https://pubmed.ncbi.nlm.nih.gov/10925000/,Soheil,,,Cem,,
meta-analysis of effect sizes reported at multiple time points: a multivariate approach,https://pubmed.ncbi.nlm.nih.gov/22872546/,Soheil,,,Lucas,,
on the de-noising of monte carlo calculated dose distributions,https://pubmed.ncbi.nlm.nih.gov/12361212/,Soheil,,,Lucas,,
clinical implementation in proton therapy of multi-field optimization by a hybrid method combining conventional ptv with robust optimization,https://pubmed.ncbi.nlm.nih.gov/31851957/,Soheil,,,Cem,,
dosimetry robustness with stochastic optimization,https://pubmed.ncbi.nlm.nih.gov/19436100/,Soheil,,,Cem,,
optimization of spatiotemporally fractionated radiotherapy treatments with bounds on the achievable benefit,https://pubmed.ncbi.nlm.nih.gov/29303116/,Soheil,,,Lucas,,
robust optimization in intensity-modulated proton therapy to account for anatomy changes in lung cancer patients,https://pubmed.ncbi.nlm.nih.gov/25708992/,Soheil,,,Lucas,,
assessment of daily dose accumulation for robustly optimized intensity modulated proton therapy treatment of prostate cancer,https://pubmed.ncbi.nlm.nih.gov/33445124/,Soheil,,,Cem,,
mitigation of motion effects in pencil-beam scanning - impact of repainting on 4d robustly optimized proton treatment plans for hepatocellular carcinoma,https://pubmed.ncbi.nlm.nih.gov/33131995/,Soheil,,,Cem,,
anatomic changes in head and neck intensity-modulated proton therapy: comparison between robust optimization and online adaptation,https://pubmed.ncbi.nlm.nih.gov/33741469/,Soheil,,,Lucas,,
dose painting by means of monte carlo treatment planning at the voxel level,https://pubmed.ncbi.nlm.nih.gov/28412136/,Soheil,,,Lucas,,
systematic evaluation and plan quality assessment of the leksell® gamma knife® lightning dose optimizer,https://pubmed.ncbi.nlm.nih.gov/34696931/,Soheil,,,Cem,,
a column generation heuristic for vmat planning with adaptive cvar constraints,https://pubmed.ncbi.nlm.nih.gov/31484171/,Soheil,,,Cem,,
application of the equivalent uniform stochastic dose (eusd) to tcp calculations incorporating dose uncertainty and fractionation effects,https://pubmed.ncbi.nlm.nih.gov/18488958/,Soheil,,,Lucas,,
a global optimization method for three-dimensional conformal radiotherapy treatment planning,https://pubmed.ncbi.nlm.nih.gov/11197665/,Soheil,,,Lucas,,
analysis and comparison of multimodal cancer treatments,https://pubmed.ncbi.nlm.nih.gov/12041934/,Soheil,,,Lucas,,
dosimetric evaluation of photons versus protons in postmastectomy planning for ultrahypofractionated breast radiotherapy,https://pubmed.ncbi.nlm.nih.gov/35093111/,Soheil,,,Cem,,
difference in let-based biological doses between impt optimization techniques: robust and ptv-based optimizations,https://pubmed.ncbi.nlm.nih.gov/32150329/,Soheil,,,Lucas,,
genetic and geometric optimization of three-dimensional radiation therapy treatment planning,https://pubmed.ncbi.nlm.nih.gov/8815371/,Soheil,,,Lucas,,
optimal treatment plan adaptation using mid-treatment imaging biomarkers,https://pubmed.ncbi.nlm.nih.gov/33053518/,Soheil,,,Cem,,
selective robust optimization: a new intensity-modulated proton therapy optimization strategy,https://pubmed.ncbi.nlm.nih.gov/26233211/,Soheil,,,Cem,,
introducing interactive inverse fem simulation and its application for adaptive radiotherapy,https://pubmed.ncbi.nlm.nih.gov/25485365/,Soheil,,,Lucas,,
investigation of intensity-modulated radiotherapy optimization with geud-based objectives by means of simulated annealing,https://pubmed.ncbi.nlm.nih.gov/18561680/,Soheil,,,Lucas,,
a feasibility study of dynamic adaptive radiotherapy for nonsmall cell lung cancer,https://pubmed.ncbi.nlm.nih.gov/27147327/,Soheil,,,Cem,,
a bayesian network and heuristic approach for systematic characterization of radiotherapy receipt after breast-conservation surgery,https://pubmed.ncbi.nlm.nih.gov/28659177/,Soheil,,,Cem,,
rethinking n2 disease in the era of uniportal video-assisted thoracic surgery,https://pubmed.ncbi.nlm.nih.gov/27640220/,Soheil,,,Lucas,,
inverse 4d conformal planning for lung sbrt using particle swarm optimization,https://pubmed.ncbi.nlm.nih.gov/27476472/,Soheil,,,Cem,,
a two-phase approach for the radiotherapy scheduling problem,https://pubmed.ncbi.nlm.nih.gov/34505969/,Soheil,,,Cem,,
